{
    "data": {
        "losses": [
            -0.5041329711110989,
            -0.5966588909336211,
            -0.6509991261294908,
            -0.655690551273911,
            -0.6566973199574022,
            -0.6580287482341549,
            -0.6589013269966342,
            -0.6591287845128624,
            -0.6594202039115978,
            -0.6596231553649501,
            -0.6599687203430856,
            -0.6601529953466662,
            -0.6602179037311071,
            -0.6602247493775079,
            -0.660226900134671,
            -0.6602280079614975,
            -0.6602287036925164,
            -0.6602299992119884,
            -0.6602307773982512,
            -0.6602310584444064,
            -0.6602310891696342,
            -0.6602310911857009,
            -0.6602310911857011
        ],
        "norms": [],
        "Niter_warmup": []
    },
    "ipeps_args": {
        "model": "J1J2",
        "lam": 1,
        "rotational_symmetry": "both",
        "J2": 0,
        "chi": 16,
        "D": 2,
        "Niter": 5,
        "warmup_steps": 2,
        "split": true,
        "seed": 23,
        "dtype": "double",
        "device": "cpu",
        "noise": 0,
        "gauge": null
    },
    "state": [
        -0.17473873893287348,
        0.20124892627698515,
        0.20121582710622293,
        -0.09134086179365909,
        0.18538922360150667,
        0.009533069672644985,
        0.3519740277761639,
        0.358912128510243,
        0.18539788016865666,
        0.051435605063780664,
        0.5110071106489666,
        0.5239424888715403
    ],
    "map": [
        [
            [
                [
                    [
                        3,
                        9
                    ],
                    [
                        9,
                        2
                    ]
                ],
                [
                    [
                        9,
                        1
                    ],
                    [
                        2,
                        7
                    ]
                ]
            ],
            [
                [
                    [
                        9,
                        2
                    ],
                    [
                        1,
                        7
                    ]
                ],
                [
                    [
                        2,
                        7
                    ],
                    [
                        7,
                        11
                    ]
                ]
            ]
        ],
        [
            [
                [
                    [
                        10,
                        6
                    ],
                    [
                        6,
                        8
                    ]
                ],
                [
                    [
                        6,
                        4
                    ],
                    [
                        8,
                        5
                    ]
                ]
            ],
            [
                [
                    [
                        6,
                        8
                    ],
                    [
                        4,
                        5
                    ]
                ],
                [
                    [
                        8,
                        5
                    ],
                    [
                        5,
                        0
                    ]
                ]
            ]
        ]
    ]
}